{
  "solve_semidivisible_numbers_p0234_s0(max_limit=15)": 4.393300332594663e-05,
  "solve_semidivisible_numbers_p0234_s0(max_limit=999966663333)": 3.0504997994285077e-05,
  "solve_semidivisible_numbers_p0234_s0(max_limit=1000)": 3.1005998607724905e-05
}