{
  "solve_cake_icing_puzzle_p0566_s0(n=11)": 4.4872998842038214e-05,
  "solve_cake_icing_puzzle_p0566_s0(n=53)": 8.435200288658962e-05
}