{
  "solve_eulers_number_p0330_s0(n=10)": 3.3984004403464496e-05,
  "solve_eulers_number_p0330_s0(n=1000000000)": 2.9268994694575667e-05,
  "solve_eulers_number_p0330_s0(n=1000000)": 5.5330005125142634e-05
}