{
  "solve_tidying_up_a_p0253_s0(max_limit=10)": 5.0898001063615084e-05,
  "solve_tidying_up_a_p0253_s0(max_limit=40)": 4.6417997509706765e-05,
  "solve_tidying_up_a_p0253_s0(max_limit=50)": 2.8410002414602786e-05
}