{
  "solve_coresilience_p0245_s0(max_limit=10)": 3.584600199246779e-05,
  "solve_coresilience_p0245_s0(max_limit=2.000000e+11)": 4.6508001105394214e-05
}