{
  "solve_a_frogs_trip_p0416_s0(m=1, n=3)": 5.7326993555761874e-05,
  "solve_a_frogs_trip_p0416_s0(m=10, n=1.000000e+12)": 4.788299702340737e-05,
  "solve_a_frogs_trip_p0416_s0(m=2, n=100)": 3.747599839698523e-05
}