{
  "solve_jacks_bean_p0847_s0(max_limit=6)": 6.53710012556985e-05,
  "solve_jacks_bean_p0847_s0(max_limit=1111111111111111111)": 5.550700007006526e-05
}