{
  "solve_red_green_or_blue_tiles_p0116_s0(row_length=5)": 4.2273000872228295e-05,
  "solve_red_green_or_blue_tiles_p0116_s0(row_length=50)": 6.268800643738359e-05
}