{
  "solve_base_10_diophantine_reciprocal_p0157_s0(max_n=1)": 4.07859988627024e-05,
  "solve_base_10_diophantine_reciprocal_p0157_s0(max_n=9)": 3.8994003261905164e-05,
  "solve_base_10_diophantine_reciprocal_p0157_s0(max_n=12)": 6.24859967501834e-05
}