{
  "solve_twos_are_all_you_need_p0708_s0(max_limit=10)": 5.444499402074143e-05,
  "solve_twos_are_all_you_need_p0708_s0(max_limit=1.000000e+14)": 7.264099986059591e-05
}