{
  "solve_sorted_digits_p0885_s0(n=1)": 3.516300057526678e-05,
  "solve_sorted_digits_p0885_s0(n=18)": 5.318700277712196e-05,
  "solve_sorted_digits_p0885_s0(n=20)": 4.702099977293983e-05
}