{
  "solve_gcd_of_divisors_p0530_s0(max_limit=10)": 8.794099994702265e-05,
  "solve_gcd_of_divisors_p0530_s0(max_limit=1.000000e+15)": 4.60579976788722e-05
}