{
  "solve_cuboid_layers_p0126_s0(target_count=10)": 4.813600389752537e-05,
  "solve_cuboid_layers_p0126_s0(target_count=1000)": 4.597500083036721e-05,
  "solve_cuboid_layers_p0126_s0(target_count=2000)": 4.2772997403517365e-05
}