{
  "solve_path_sum_three_ways_p0082_s0(file_url=)": 0.00022381300368579105,
  "solve_path_sum_three_ways_p0082_s0(file_url=0082_matrix.txt)": 0.005421851994469762
}