{
  "solve_nested_square_roots_p0585_s0(max_limit=10)": 6.638099875999615e-05,
  "solve_nested_square_roots_p0585_s0(max_limit=5000000)": 3.781199484365061e-05
}