{
  "solve_almost_pi_p0461_s0(n=200)": 6.11909999861382e-05,
  "solve_almost_pi_p0461_s0(n=10000)": 4.6542001655325294e-05
}