{
  "solve_disc_game_prize_fund_p0121_s0(turns=4)": 0.0003028329999779089,
  "solve_disc_game_prize_fund_p0121_s0(turns=15)": 0.0012096999998902902,
  "solve_disc_game_prize_fund_p0121_s0(turns=25)": 0.005231549999962226
}