{
  "solve_scary_sphere_p0360_s0(r=45)": 5.1727998652495444e-05,
  "solve_scary_sphere_p0360_s0(r=1.000000e+10)": 4.121899837628007e-05,
  "solve_scary_sphere_p0360_s0(r=1000000)": 3.6853998608421534e-05
}