{
  "solve_one_child_numbers_p0413_s0(max_limit=10)": 3.739500243682414e-05,
  "solve_one_child_numbers_p0413_s0(max_limit=1.000000e+19)": 5.6855002185329795e-05
}