{
  "solve_even_stevens_p0709_s0(n=4)": 4.660400009015575e-05,
  "solve_even_stevens_p0709_s0(n=24680)": 4.5729000703431666e-05
}