{
  "solve_maximal_n_gon_in_a_region_p0897_s0(n=5)": 3.1914001738186926e-05,
  "solve_maximal_n_gon_in_a_region_p0897_s0(n=101)": 5.2422998123802245e-05
}