{
  "solve_powers_of_two_p0686_s0(L=12, n=2)": 5.420699744718149e-05,
  "solve_powers_of_two_p0686_s0(L=123, n=678910)": 3.65189989679493e-05,
  "solve_powers_of_two_p0686_s0(L=1234, n=1000000)": 4.420799814397469e-05
}