{
  "solve_risky_moon_p0353_s0(max_n=3)": 3.6420999094843864e-05,
  "solve_risky_moon_p0353_s0(max_n=15)": 4.465199890546501e-05,
  "solve_risky_moon_p0353_s0(max_n=20)": 3.353099600644782e-05
}