{
  "solve_distribunim_ii_p0900_s0(N=2)": 3.6902994906995445e-05,
  "solve_distribunim_ii_p0900_s0(N=10)": 5.9775004046969116e-05,
  "solve_distribunim_ii_p0900_s0(N=14)": 5.049200262874365e-05
}