{
  "solve_total_roundness_p0926_s0(n=10)": 7.095000182744116e-05,
  "solve_total_roundness_p0926_s0(n=10000000)": 5.401200178312138e-05
}