{
  "solve_lissajous_curves_p0777_s0(max_limit=10)": 5.89379997109063e-05,
  "solve_lissajous_curves_p0777_s0(max_limit=1000000)": 3.736600046977401e-05
}