{
  "solve_randomly_decaying_sequence_p0697_s0(n=100)": 5.306799721438438e-05,
  "solve_randomly_decaying_sequence_p0697_s0(n=10000000)": 4.4683998567052186e-05
}