{
  "solve_clock_grid_p0790_s0(timesteps=10)": 4.1830993723124266e-05,
  "solve_clock_grid_p0790_s0(timesteps=100000)": 4.542099486570805e-05
}