{
  "solve_unfair_race_p0573_s0(n=3)": 0.00011011899914592505,
  "solve_unfair_race_p0573_s0(n=1000000)": 3.265800478402525e-05
}