{
  "solve_crisscross_ellipses_p0404_s0(max_limit=1000)": 4.640800034394488e-05,
  "solve_crisscross_ellipses_p0404_s0(max_limit=1.000000e+17)": 6.896999548189342e-05
}