{
  "solve_partisan_nim_p0939_s0(max_limit=10)": 3.4258002415299416e-05,
  "solve_partisan_nim_p0939_s0(max_limit=5000)": 3.587699757190421e-05
}