{
  "solve_the_mouse_on_the_moon_p0314_s0(side_m=10, spacing=1)": 5.301199416862801e-05,
  "solve_the_mouse_on_the_moon_p0314_s0(side_m=500, spacing=1)": 4.3904001358896494e-05,
  "solve_the_mouse_on_the_moon_p0314_s0(side_m=1000, spacing=1)": 4.314199759392068e-05
}