{
  "solve_uphill_paths_p0411_s0(max_limit=22)": 3.940299939131364e-05,
  "solve_uphill_paths_p0411_s0(max_limit=6436343)": 0.00022274599905358627
}