{
  "solve_5_smooth_totients_p0516_s0(max_limit=100)": 4.8187997890636325e-05,
  "solve_5_smooth_totients_p0516_s0(max_limit=1.000000e+12)": 8.273999992525205e-05
}