{
  "solve_enmeshed_unit_circle_p0392_s0(N=10)": 3.861999721266329e-05,
  "solve_enmeshed_unit_circle_p0392_s0(N=400)": 6.990299880271778e-05
}