{
  "solve_maximum_product_of_parts_p0183_s0(max_limit=10)": 3.0873001378495246e-05,
  "solve_maximum_product_of_parts_p0183_s0(max_limit=10000)": 4.3580002966336906e-05
}