{
  "solve_sum_square_difference_p0006_s0(n=10)": 1.146899739978835e-05,
  "solve_sum_square_difference_p0006_s0(n=100)": 8.239003363996744e-06
}