{
  "solve_tangent_circles_p0510_s0(max_limit=5)": 3.332600317662582e-05,
  "solve_tangent_circles_p0510_s0(max_limit=1000000000)": 3.531499532982707e-05
}