{
  "solve_squarefree_fibonacci_numbers_p0399_s0(n=13)": 5.3222996939439327e-05,
  "solve_squarefree_fibonacci_numbers_p0399_s0(n=100000000)": 4.1991996113210917e-05
}