{
  "solve_pythagorean_angle_p0904_s0(L=1000000, N=10)": 5.0884002121165395e-05,
  "solve_pythagorean_angle_p0904_s0(L=1.000000e+10, N=45000)": 3.637000190792605e-05
}