{
  "solve_lexicographical_neighbours_p0158_s0(max_limit=3)": 3.937399742426351e-05,
  "solve_lexicographical_neighbours_p0158_s0(max_limit=26)": 2.710799890337512e-05,
  "solve_lexicographical_neighbours_p0158_s0(max_limit=20)": 3.552900307113305e-05
}