{
  "solve_chip_defects_p0307_s0(k=3, n=7)": 5.2108996897004545e-05,
  "solve_chip_defects_p0307_s0(k=20000, n=1000000)": 4.616100341081619e-05,
  "solve_chip_defects_p0307_s0(k=200000, n=1000000)": 0.003718457999639213
}