{
  "solve_piles_of_plates_p0688_s0(max_limit=100)": 5.4849006119184196e-05,
  "solve_piles_of_plates_p0688_s0(max_limit=1.000000e+16)": 4.833700222661719e-05
}