{
  "solve_prime_triplets_p0196_s0(n1=8, n2=9)": 4.343999898992479e-05,
  "solve_prime_triplets_p0196_s0(n1=5678027, n2=7208785)": 3.6159995943307877e-05
}