{
  "solve_verifying_primes_p0574_s0(max_limit=10)": 5.2920004236511886e-05,
  "solve_verifying_primes_p0574_s0(max_limit=3800)": 7.123300019884482e-05,
  "solve_verifying_primes_p0574_s0(max_limit=10000)": 4.404899664223194e-05
}