{
  "solve_maximum_quadrilaterals_p0538_s0(max_n=10)": 4.325700137997046e-05,
  "solve_maximum_quadrilaterals_p0538_s0(max_n=3000000)": 4.531499871518463e-05
}