{
  "solve_tau_numbers_p0920_s0(n=3)": 3.534400457283482e-05,
  "solve_tau_numbers_p0920_s0(n=16)": 3.3835000067483634e-05
}