{
  "solve_pi_sequences_p0609_s0(max_limit=10)": 5.676700675394386e-05,
  "solve_pi_sequences_p0609_s0(max_limit=100000000)": 2.9573995561804622e-05
}