{
  "solve_migrating_ants_p0393_s0(n=4)": 5.1355993491597474e-05,
  "solve_migrating_ants_p0393_s0(n=10)": 5.545099702430889e-05,
  "solve_migrating_ants_p0393_s0(n=12)": 6.045900227036327e-05
}