{
  "solve_reflexive_position_p0305_s0(max_k=3)": 4.727399937110022e-05,
  "solve_reflexive_position_p0305_s0(max_k=13)": 4.3874002585653216e-05,
  "solve_reflexive_position_p0305_s0(max_k=16)": 5.736599996453151e-05
}