{
  "solve_minimum_of_subsequences_p0375_s0(n=10)": 3.567900421330705e-05,
  "solve_minimum_of_subsequences_p0375_s0(n=2.000000e+09)": 6.74740003887564e-05
}