{
  "solve_de_bruijns_combination_lock_p0941_s0(N=2)": 2.8403999749571085e-05,
  "solve_de_bruijns_combination_lock_p0941_s0(N=10000000)": 3.7425998016260564e-05
}