{
  "solve_eating_pie_p0394_s0(x=1)": 4.521400114754215e-05,
  "solve_eating_pie_p0394_s0(x=40)": 4.307599738240242e-05,
  "solve_eating_pie_p0394_s0(x=7.5)": 4.7752997488714755e-05
}