{
  "solve_sum_of_elevisors_p0944_s0(n=10)": 5.111499922350049e-05,
  "solve_sum_of_elevisors_p0944_s0(n=1.000000e+14)": 4.717300180345774e-05
}