{
  "solve_arranged_probability_p0100_s0(total_discs=21)": 1.408899697707966e-05,
  "solve_arranged_probability_p0100_s0(total_discs=120)": 1.8990998796653003e-05,
  "solve_arranged_probability_p0100_s0(total_discs=1.000000e+12)": 2.7558002329897135e-05
}