{
  "solve_prime_proof_squbes_p0200_s0(n=1)": 5.6677999964449555e-05,
  "solve_prime_proof_squbes_p0200_s0(n=200)": 4.7585999709554017e-05
}