{
  "solve_number_sequence_game_p0477_s0(n=4)": 0.0001324339973507449,
  "solve_number_sequence_game_p0477_s0(n=100000000)": 4.2373998439870775e-05
}