{
  "solve_ruff_numbers_p0773_s0(k=3)": 4.904600064037368e-05,
  "solve_ruff_numbers_p0773_s0(k=97)": 7.627999730175361e-05
}