{
  "solve_zebra_circles_p0892_s0(max_limit=10)": 4.898299812339246e-05,
  "solve_zebra_circles_p0892_s0(max_limit=10000000)": 5.2634000894613564e-05
}