{
  "solve_hilberts_blackout_p0522_s0(n=3)": 7.021799683570862e-05,
  "solve_hilberts_blackout_p0522_s0(n=12344321)": 6.874200335005298e-05
}