{
  "solve_distinct_lines_p0388_s0(max_limit=10)": 5.7880002714227885e-05,
  "solve_distinct_lines_p0388_s0(max_limit=1.000000e+10)": 3.5017001209780574e-05
}