{
  "solve_odd_run_compositions_p0929_s0(n=10)": 4.3592001020442694e-05,
  "solve_odd_run_compositions_p0929_s0(n=100000)": 3.04749992210418e-05
}