{
  "solve_prime_permutations_p0049_s0(n=4)": 0.018209969995950814,
  "solve_prime_permutations_p0049_s0(n=5)": 1.9000390750006773
}