{
  "solve_too_many_twos_p0792_s0(N=5)": 4.178100061835721e-05,
  "solve_too_many_twos_p0792_s0(N=10000)": 4.2796003981493413e-05
}