{
  "solve_inverse_digit_sum_ii_p0685_s0(k=3)": 4.821699985768646e-05,
  "solve_inverse_digit_sum_ii_p0685_s0(k=10000)": 4.833699495065957e-05
}