{
  "solve_amidakuji_p0837_s0(m=3, n=3)": 9.355599468108267e-05,
  "solve_amidakuji_p0837_s0(m=123456789, n=987654321)": 5.6110002333298326e-05
}