{
  "solve_fractal_sequence_p0535_s0(n=20)": 3.507899964461103e-05,
  "solve_fractal_sequence_p0535_s0(n=1.000000e+18)": 2.845900598913431e-05
}