{
  "solve_digit_factorial_chains_p0074_s0(max_num=10)": 0.00047476300096604973,
  "solve_digit_factorial_chains_p0074_s0(max_num=100)": 0.0028366219994495623,
  "solve_digit_factorial_chains_p0074_s0(max_num=1000)": 0.00046291499893413857,
  "solve_digit_factorial_chains_p0074_s0(max_num=10000)": 0.0007278319972101599,
  "solve_digit_factorial_chains_p0074_s0(max_num=100000)": 0.0030305410036817193,
  "solve_digit_factorial_chains_p0074_s0(max_num=1000000)": 0.01760800299962284,
  "solve_digit_factorial_chains_p0074_s0(max_num=5000000)": 0.2391561449985602,
  "solve_digit_factorial_chains_p0074_s0(max_num=10000000)": 0.5056989430013346,
  "solve_digit_factorial_chains_p0074_s1(max_num=10)": 0.0038952890026848763,
  "solve_digit_factorial_chains_p0074_s1(max_num=100)": 0.009614625996618997,
  "solve_digit_factorial_chains_p0074_s1(max_num=1000)": 0.004785535995324608,
  "solve_digit_factorial_chains_p0074_s1(max_num=10000)": 0.010013236998929642,
  "solve_digit_factorial_chains_p0074_s1(max_num=100000)": 0.010063563000585418,
  "solve_digit_factorial_chains_p0074_s1(max_num=1000000)": 0.024924056000600103,
  "solve_digit_factorial_chains_p0074_s1(max_num=5000000)": 0.1865092769949115,
  "solve_digit_factorial_chains_p0074_s1(max_num=10000000)": 0.4526325650003855,
  "solve_digit_factorial_chains_p0074_s2(max_num=10)": 0.005354371001885738,
  "solve_digit_factorial_chains_p0074_s2(max_num=100)": 0.005889377003768459,
  "solve_digit_factorial_chains_p0074_s2(max_num=1000)": 0.008333192999998573,
  "solve_digit_factorial_chains_p0074_s2(max_num=10000)": 0.008671483999933116,
  "solve_digit_factorial_chains_p0074_s2(max_num=100000)": 0.017242977002752014,
  "solve_digit_factorial_chains_p0074_s2(max_num=1000000)": 0.026857475000724662,
  "solve_digit_factorial_chains_p0074_s2(max_num=5000000)": 0.28274835999764036,
  "solve_digit_factorial_chains_p0074_s2(max_num=10000000)": 0.4323040079980274
}