{
  "solve_lcm_p0858_s0(max_limit=5)": 5.1071998314000666e-05,
  "solve_lcm_p0858_s0(max_limit=800)": 6.796500383643433e-05
}