{
  "solve_triple_product_p0831_s0(m=10)": 5.1303002692293376e-05,
  "solve_triple_product_p0831_s0(m=142857)": 4.850699770031497e-05
}