{
  "solve_non_abundant_sums_p0023_s0()": 0.11134781700093299,
  "solve_non_abundant_sums_p0023_s1()": 1.47524446999887
}