{
  "solve_counting_tuples_p0537_s0(k=3, n=3)": 5.230700480751693e-05,
  "solve_counting_tuples_p0537_s0(k=20000, n=20000)": 4.2452003981452435e-05
}