{
  "solve_convex_path_in_square_p0604_s0(max_limit=10)": 4.5074993977323174e-05,
  "solve_convex_path_in_square_p0604_s0(max_limit=1.000000e+18)": 4.5164997573010623e-05
}