{
  "solve_generating_polygons_p0382_s0(n=5)": 4.826499935006723e-05,
  "solve_generating_polygons_p0382_s0(n=1.000000e+18)": 5.034200148656964e-05,
  "solve_generating_polygons_p0382_s0(n=25)": 3.665300027932972e-05
}