{
  "solve_mccarthy_91_function_p0555_s0(m=10, p=10)": 4.3537998863030225e-05,
  "solve_mccarthy_91_function_p0555_s0(m=1000000, p=1000000)": 3.708800068125129e-05
}