{
  "solve_fermat_equation_p0753_s0(max_limit=10)": 6.271800521062687e-05,
  "solve_fermat_equation_p0753_s0(max_limit=6000000)": 5.37410014658235e-05
}