{
  "solve_crack_free_walls_p0215_s0(height=3, width=9)": 4.3282001570332795e-05,
  "solve_crack_free_walls_p0215_s0(height=10, width=32)": 4.097700002603233e-05
}