{
  "solve_first_sort_i_p0523_s0(n=4)": 4.552699829218909e-05,
  "solve_first_sort_i_p0523_s0(n=30)": 5.848999717272818e-05
}