{
  "solve_the_race_p0232_s0(max_limit=3)": 4.606699803844094e-05,
  "solve_the_race_p0232_s0(max_limit=100)": 3.8922000385355204e-05,
  "solve_the_race_p0232_s0(max_limit=200)": 4.0867002098821104e-05
}