{
  "solve_sliding_game_p0313_s0(prime_limit=100)": 5.10259997099638e-05,
  "solve_sliding_game_p0313_s0(prime_limit=1000000)": 4.496799374464899e-05
}