{
  "solve_angular_bisectors_p0257_s0(max_limit=1000)": 7.587000436615199e-05,
  "solve_angular_bisectors_p0257_s0(max_limit=100000000)": 4.034499579574913e-05
}