{
  "solve_exponent_difference_p0712_s0(max_limit=10)": 3.505299537209794e-05,
  "solve_exponent_difference_p0712_s0(max_limit=1.000000e+12)": 2.7987000066787004e-05
}