{
  "solve_1249_nim_p0888_s0(max_limit=12, pile_count=4)": 5.5288997828029096e-05,
  "solve_1249_nim_p0888_s0(max_limit=12491249, pile_count=1249)": 3.677199856610969e-05
}