{
  "solve_loops_of_ropes_p0807_s0(n=3)": 3.212699812138453e-05,
  "solve_loops_of_ropes_p0807_s0(n=80)": 4.8417001380585134e-05,
  "solve_loops_of_ropes_p0807_s0(n=100)": 3.649100108304992e-05
}