{
  "solve_building_a_tower_p0324_s0(mod=100000007, power=1)": 3.115499566774815e-05,
  "solve_building_a_tower_p0324_s0(mod=100000007, power=10000)": 3.896900307154283e-05,
  "solve_building_a_tower_p0324_s0(mod=100000007, power=100000)": 3.572900459403172e-05
}