{
  "solve_nanobots_on_geodesics_p0532_s0(n=3)": 6.964599742786959e-05,
  "solve_nanobots_on_geodesics_p0532_s0()": 3.595300222514197e-05
}