{
  "solve_power_sets_of_power_sets_p0553_s0(k=10, n=10000)": 3.513899719109759e-05,
  "solve_power_sets_of_power_sets_p0553_s0(k=1, n=2)": 3.6344994441606104e-05,
  "solve_power_sets_of_power_sets_p0553_s0(k=1, n=3)": 3.623499651439488e-05,
  "solve_power_sets_of_power_sets_p0553_s0(k=2, n=4)": 3.5802004276774824e-05,
  "solve_power_sets_of_power_sets_p0553_s0(k=10, n=100)": 4.4864005758427083e-05
}