{
  "solve_lattice_quadrilaterals_p0453_s0(m=2, n=2)": 3.7252997572068125e-05,
  "solve_lattice_quadrilaterals_p0453_s0(m=12345, n=6789)": 4.1510000301059335e-05
}