{
  "solve_shortest_distance_among_points_p0816_s0(k=14)": 5.536499520530924e-05,
  "solve_shortest_distance_among_points_p0816_s0(k=2000000)": 4.6576999011449516e-05
}