{
  "solve_titanic_sets_p0415_s0(max_limit=2)": 3.3150005037896335e-05,
  "solve_titanic_sets_p0415_s0(max_limit=1.000000e+11)": 3.252799797337502e-05
}