{
  "solve_squares_under_a_hyperbola_p0247_s0(below=1, left=1)": 3.2709001970943063e-05,
  "solve_squares_under_a_hyperbola_p0247_s0(below=3, left=3)": 0.0002861640023184009,
  "solve_squares_under_a_hyperbola_p0247_s0(below=5, left=5)": 4.4184002035763115e-05
}