{
  "solve_triangle_on_parabola_p0397_s0(max_k=1, max_x=10)": 3.417299740249291e-05,
  "solve_triangle_on_parabola_p0397_s0(max_k=1000000, max_x=1000000000)": 3.9753998862579465e-05,
  "solve_triangle_on_parabola_p0397_s0(max_k=10, max_x=100)": 2.8683003620244563e-05
}