{
  "solve_pisano_periods_2_p0854_s0(max_p=10)": 3.676299820654094e-05,
  "solve_pisano_periods_2_p0854_s0(max_p=1000000)": 4.219300171826035e-05
}