{
  "solve_special_pythagorean_triplet_p0009_s0(sum_sides=12)": 5.201699968893081e-05,
  "solve_special_pythagorean_triplet_p0009_s0(sum_sides=1000)": 0.020304213001509197
}