{
  "solve_standing_on_the_shoulders_of_trolls_p0732_s0(n=5)": 5.184099427424371e-05,
  "solve_standing_on_the_shoulders_of_trolls_p0732_s0(n=1000)": 5.398299981607124e-05,
  "solve_standing_on_the_shoulders_of_trolls_p0732_s0(n=1500)": 5.21729962201789e-05
}