{
  "solve_a_long_row_of_dice_p0641_s0(max_limit=100)": 4.9442001909483224e-05,
  "solve_a_long_row_of_dice_p0641_s0(max_limit=1.000000e+36)": 4.024800000479445e-05,
  "solve_a_long_row_of_dice_p0641_s0(max_limit=100000000)": 4.66900019091554e-05
}