{
  "solve_iterative_circle_packing_p0199_s0(iterations=3)": 2.6777001039590687e-05,
  "solve_iterative_circle_packing_p0199_s0(iterations=10)": 2.8269001631997526e-05,
  "solve_iterative_circle_packing_p0199_s0(iterations=12)": 4.150700260652229e-05
}