{
  "solve_fibonacci_golden_nuggets_p0137_s0(n=5)": 3.748999733943492e-05,
  "solve_fibonacci_golden_nuggets_p0137_s0(n=15)": 2.8495000151451677e-05,
  "solve_fibonacci_golden_nuggets_p0137_s0(n=20)": 3.3887998142745346e-05
}