{
  "solve_reciprocal_pairs_p0784_s0(max_limit=10)": 4.893600271316245e-05,
  "solve_reciprocal_pairs_p0784_s0(max_limit=2000000)": 7.38279995857738e-05
}