{
  "solve_nested_radicals_p0880_s0(max_limit=1000)": 5.9292993682902306e-05,
  "solve_nested_radicals_p0880_s0(max_limit=1.000000e+15)": 5.854800110682845e-05
}