{
  "solve_2_omega_n_p0675_s0(max_n=10)": 3.188700065948069e-05,
  "solve_2_omega_n_p0675_s0(max_n=10000000)": 4.938200436299667e-05
}