{
  "solve_gcd_sum_p0625_s0(max_limit=10)": 4.824899951927364e-05,
  "solve_gcd_sum_p0625_s0(max_limit=1.000000e+11)": 4.898999759461731e-05
}