{
  "solve_geoboard_shapes_p0514_s0(n=1)": 4.192200140096247e-05,
  "solve_geoboard_shapes_p0514_s0(n=100)": 4.1580002289265394e-05
}