{
  "solve_youngs_game_b_p0923_s0(m=2, w=4)": 4.686100146500394e-05,
  "solve_youngs_game_b_p0923_s0(m=8, w=64)": 4.583400004776195e-05,
  "solve_youngs_game_b_p0923_s0(m=10, w=100)": 3.5434000892564654e-05
}