{
  "solve_counting_hexagons_p0577_s0(max_limit=20)": 2.9754999559372663e-05,
  "solve_counting_hexagons_p0577_s0(max_limit=12345)": 5.4867996368557215e-05
}