{
  "solve_iterative_sampling_p0819_s0(n=3)": 6.554199353558943e-05,
  "solve_iterative_sampling_p0819_s0(n=1000)": 4.319800063967705e-05
}