{
  "solve_cookie_game_p0859_s0(max_limit=5)": 4.902100045001134e-05,
  "solve_cookie_game_p0859_s0(max_limit=300)": 3.869400097755715e-05
}