{
  "solve_sums_of_square_reciprocals_p0152_s0(max_limit=45)": 4.769599763676524e-05,
  "solve_sums_of_square_reciprocals_p0152_s0(max_limit=80)": 4.182799602858722e-05,
  "solve_sums_of_square_reciprocals_p0152_s0(max_limit=100)": 4.950900620315224e-05
}