{
  "solve_chandelier_p0768_s0(m=2, n=4)": 5.474700446939096e-05,
  "solve_chandelier_p0768_s0(m=20, n=360)": 6.329100142465904e-05,
  "solve_chandelier_p0768_s0(m=40, n=720)": 3.9858998206909746e-05
}