{
  "solve_totient_graph_p0931_s0(max_limit=10)": 5.852799949934706e-05,
  "solve_totient_graph_p0931_s0(max_limit=1.000000e+12)": 0.00014413199824048206
}