{
  "solve_left_vs_right_p0948_s0(n=3)": 4.464800440473482e-05,
  "solve_left_vs_right_p0948_s0(n=60)": 4.35010006185621e-05
}