{
  "solve_torricelli_triangles_p0143_s0(max_limit=1000)": 3.4288001188542694e-05,
  "solve_torricelli_triangles_p0143_s0(max_limit=120000)": 3.833999653579667e-05
}