{
  "solve_centaurs_on_a_chess_board_p0554_s0(max_limit=2)": 6.050500087440014e-05,
  "solve_centaurs_on_a_chess_board_p0554_s0(max_limit=90)": 5.314099689712748e-05
}