{
  "solve_simber_p0520_s0(max_digits=7)": 4.192200140096247e-05,
  "solve_simber_p0520_s0(max_digits=1125899906842624)": 8.1875994510483e-05,
  "solve_simber_p0520_s0(max_digits=512)": 5.691299884347245e-05
}