{
  "solve_bouncy_numbers_p0112_s0(target_percentage=50)": 0.0001372820042888634,
  "solve_bouncy_numbers_p0112_s0(target_percentage=90)": 0.0003839070050162263,
  "solve_bouncy_numbers_p0112_s0(target_percentage=99)": 0.008259804999397602
}