{
  "solve_triangles_containing_the_origin_ii_p0456_s0(n=8)": 4.50549996457994e-05,
  "solve_triangles_containing_the_origin_ii_p0456_s0(n=2000000)": 4.729400097858161e-05
}