{
  "solve_a_long_chess_match_p0661_s0(n=3)": 4.1795996367000043e-05,
  "solve_a_long_chess_match_p0661_s0(n=50)": 3.4167002013418823e-05
}