{
  "solve_maximum_path_sum_i_p0018_s0(triangle_str=TRIANGLE_A)": 0.00013987000420456752,
  "solve_maximum_path_sum_i_p0018_s0(triangle_str=TRIANGLE_B)": 0.00047559600352542475
}