{
  "solve_giant_gcds_p0915_s0(max_limit=3)": 3.2206000469159335e-05,
  "solve_giant_gcds_p0915_s0(max_limit=100000000)": 5.260299803921953e-05,
  "solve_giant_gcds_p0915_s0(max_limit=1000000000)": 3.0174000130500644e-05
}