{
  "solve_different_dice_p0863_s0(max_n=30)": 5.847300053574145e-05,
  "solve_different_dice_p0863_s0(max_n=1000)": 4.924200038658455e-05
}