{
  "solve_pythagorean_tiles_p0139_s0(max_perimeter=100)": 5.503000284079462e-05,
  "solve_pythagorean_tiles_p0139_s0(max_perimeter=100000000)": 5.1178001740481704e-05
}