{
  "solve_poohsticks_marathon_p0589_s0(k=5)": 3.809199552051723e-05,
  "solve_poohsticks_marathon_p0589_s0(k=100)": 3.964999632444233e-05
}