{
  "solve_jumping_flea_p0702_s0(N=3)": 3.188700065948069e-05,
  "solve_jumping_flea_p0702_s0(N=123456789)": 2.79059968306683e-05,
  "solve_jumping_flea_p0702_s0(N=12345)": 4.287400224711746e-05
}