{
  "solve_2_friendly_p0643_s0(max_limit=100)": 9.725699783302844e-05,
  "solve_2_friendly_p0643_s0(max_limit=1.000000e+11)": 4.3845997424796224e-05,
  "solve_2_friendly_p0643_s0(max_limit=1000000)": 5.184399924473837e-05
}