{
  "solve_balanced_sculptures_p0275_s0(n=6)": 3.346099401824176e-05,
  "solve_balanced_sculptures_p0275_s0(n=18)": 3.3741001971066e-05,
  "solve_balanced_sculptures_p0275_s0(n=15)": 3.657700290204957e-05
}