{
  "solve_number_splitting_p0719_s0(max_limit=10000)": 3.536500298650935e-05,
  "solve_number_splitting_p0719_s0(max_limit=1.000000e+12)": 4.292499943403527e-05
}