{
  "solve_urns_p0783_s0(k=2, n=2)": 4.421199992066249e-05,
  "solve_urns_p0783_s0(k=10, n=1000000)": 4.041200008941814e-05
}