{
  "solve_tiling_dodecagon_p0867_s0(n=1)": 3.260000084992498e-05,
  "solve_tiling_dodecagon_p0867_s0(n=10)": 3.7707999581471086e-05,
  "solve_tiling_dodecagon_p0867_s0(n=20)": 3.265000123064965e-05
}