{
  "solve_ascending_subsequences_p0733_s0(n=6)": 4.767900099977851e-05,
  "solve_ascending_subsequences_p0733_s0(n=1000000)": 3.84619997930713e-05
}