{
  "solve_near_power_sums_p0749_s0(max_digits=2)": 5.2474999392870814e-05,
  "solve_near_power_sums_p0749_s0(max_digits=16)": 5.150999641045928e-05
}