{
  "solve_prime_connection_p0425_s0(max_limit=1000)": 3.804800508078188e-05,
  "solve_prime_connection_p0425_s0(max_limit=10000000)": 6.039800064172596e-05
}