{
  "solve_prime_mountain_range_p0569_s0(max_limit=100)": 5.2026000048499554e-05,
  "solve_prime_mountain_range_p0569_s0(max_limit=2500000)": 4.7154004278127104e-05
}