{
  "solve_a_game_of_chance_p0951_s0(n=2)": 7.185399590525776e-05,
  "solve_a_game_of_chance_p0951_s0(n=26)": 7.954899774631485e-05,
  "solve_a_game_of_chance_p0951_s0(n=28)": 5.5268996220547706e-05
}