{
  "solve_5_smooth_pairs_p0682_s0(max_limit=10)": 4.658799298340455e-05,
  "solve_5_smooth_pairs_p0682_s0(max_limit=10000000)": 4.498100315686315e-05
}