{
  "solve_super_ramvok_p0470_s0(max_c=1, max_d=4)": 6.57499986118637e-05,
  "solve_super_ramvok_p0470_s0(max_c=20, max_d=20)": 6.073899567127228e-05
}