{
  "solve_hilberts_new_hotel_p0359_s0(product=6)": 4.779299342771992e-05,
  "solve_hilberts_new_hotel_p0359_s0(product=71328803586048)": 4.059699858771637e-05,
  "solve_hilberts_new_hotel_p0359_s0(product=1.000000e+12)": 4.401900514494628e-05
}