{
  "solve_group_by_value_p0815_s0(n=2)": 5.736700404668227e-05,
  "solve_group_by_value_p0815_s0(n=60)": 5.4178999562282115e-05
}