{
  "solve_saving_paper_p0775_s0(max_limit=10)": 4.900600470136851e-05,
  "solve_saving_paper_p0775_s0(max_limit=1.000000e+16)": 4.0281003748532385e-05
}