{
  "solve__10_001st_prime_p0007_s0(n=6)": 5.863299884367734e-05,
  "solve__10_001st_prime_p0007_s0(n=10001)": 0.08769549999851733
}