{
  "solve_nim_p0301_s0(max_limit=10)": 3.1335999665316194e-05,
  "solve_nim_p0301_s0(max_limit=1073741824)": 3.748499875655398e-05,
  "solve_nim_p0301_s0(max_limit=4294967296)": 3.816700336756185e-05
}