{
  "solve_protein_folding_p0300_s0(n=8)": 6.188999395817518e-05,
  "solve_protein_folding_p0300_s0(n=15)": 6.856999971205369e-05,
  "solve_protein_folding_p0300_s0(n=16)": 4.446599632501602e-05
}