{
  "solve_empty_chairs_p0469_s0(max_limit=10)": 5.298700125422329e-05,
  "solve_empty_chairs_p0469_s0(max_limit=1.000000e+18)": 4.357899888418615e-05
}