{
  "solve_special_isosceles_triangles_p0138_s0(n=2)": 3.691999881993979e-05,
  "solve_special_isosceles_triangles_p0138_s0(n=12)": 4.700499994214624e-05,
  "solve_special_isosceles_triangles_p0138_s0(n=20)": 5.0066999392583966e-05
}