{
  "solve_lowest_cost_search_p0328_s0(max_limit=10)": 4.233000072417781e-05,
  "solve_lowest_cost_search_p0328_s0(max_limit=200000)": 5.358400085242465e-05
}