{
  "solve_a_messy_dinner_p0746_s0(max_n=3)": 3.93959999200888e-05,
  "solve_a_messy_dinner_p0746_s0(max_n=2021)": 2.4025997845456004e-05
}