{
  "solve_squarefree_factors_p0362_s0(max_limit=100)": 3.887100319843739e-05,
  "solve_squarefree_factors_p0362_s0(max_limit=1.000000e+10)": 4.1721003071870655e-05
}