{
  "solve_music_festival_p0475_s0(n=1)": 4.78369984193705e-05,
  "solve_music_festival_p0475_s0(n=50)": 3.920099698007107e-05
}