{
  "solve_faulhabers_formulas_p0545_s0(m=1)": 4.1799998143687844e-05,
  "solve_faulhabers_formulas_p0545_s0(m=100000)": 3.639500209828839e-05
}