{
  "solve_planetary_gears_p0620_s0(max_n=20)": 4.715399700216949e-05,
  "solve_planetary_gears_p0620_s0(max_n=500)": 6.12780058872886e-05
}