{
  "solve_freefarea_p0679_s0(n=9)": 3.0971998057793826e-05,
  "solve_freefarea_p0679_s0(n=30)": 3.567499516066164e-05
}