{
  "solve_triangles_containing_the_origin_p0184_s0(r=2)": 3.7721998523920774e-05,
  "solve_triangles_containing_the_origin_p0184_s0(r=105)": 4.9488997319713235e-05
}