{
  "solve_odd_elimination_p0539_s0(max_limit=10)": 4.8469999455846846e-05,
  "solve_odd_elimination_p0539_s0(max_limit=1.000000e+18)": 3.8694997783750296e-05
}