{
  "solve_reciprocal_cycles_ii_p0417_s0(max_limit=1000)": 5.378499918151647e-05,
  "solve_reciprocal_cycles_ii_p0417_s0(max_limit=100000000)": 4.108800203539431e-05
}