{
  "solve_cyclical_figurate_numbers_p0061_s0(length=2)": 0.002736896996793803,
  "solve_cyclical_figurate_numbers_p0061_s0(length=3)": 0.005641452997224405,
  "solve_cyclical_figurate_numbers_p0061_s0(length=4)": 0.00986620900221169,
  "solve_cyclical_figurate_numbers_p0061_s0(length=5)": 0.03526385599980131,
  "solve_cyclical_figurate_numbers_p0061_s0(length=6)": 0.060157653999340255
}