{
  "solve_rigid_graphs_p0434_s0(max_limit=5)": 9.164100629277527e-05,
  "solve_rigid_graphs_p0434_s0(max_limit=100)": 4.8284004151355475e-05
}