{
  "solve_peredur_fab_efrawg_p0339_s0(n=5)": 3.991200355812907e-05,
  "solve_peredur_fab_efrawg_p0339_s0(n=10000)": 4.455599992070347e-05,
  "solve_peredur_fab_efrawg_p0339_s0(n=20000)": 4.113600152777508e-05
}