{
  "solve_where_are_the_odds_p0912_s0(max_limit=10)": 5.179900472285226e-05,
  "solve_where_are_the_odds_p0912_s0(max_limit=1.000000e+16)": 5.4203002946451306e-05
}