{
  "solve_rounded_square_roots_p0255_s0(digits=5)": 3.72079957742244e-05,
  "solve_rounded_square_roots_p0255_s0(digits=14)": 3.559499600669369e-05,
  "solve_rounded_square_roots_p0255_s0(digits=16)": 4.261000140104443e-05
}