{
  "solve_add_and_divide_p0834_s0(max_limit=100)": 4.7573004849255085e-05,
  "solve_add_and_divide_p0834_s0(max_limit=1234567)": 4.8467998567502946e-05
}