{
  "solve_factorial_digit_sum_p0020_s0(n=10)": 7.239700062200427e-05,
  "solve_factorial_digit_sum_p0020_s0(n=100)": 8.427300053881481e-05
}