{
  "solve_n_sequences_p0427_s0(n=3)": 6.0488004237413406e-05,
  "solve_n_sequences_p0427_s0(n=7500000)": 4.633800563169643e-05,
  "solve_n_sequences_p0427_s0(n=10000000)": 5.1154995162505656e-05
}