{
  "solve_approximating_a_sum_p0756_s0(m=50, n=100)": 3.925499913748354e-05,
  "solve_approximating_a_sum_p0756_s0(m=12345, n=12345678)": 4.3034997361246496e-05
}