{
  "solve_maximum_sum_subsequence_p0149_s0(size=4)": 4.4724001782014966e-05,
  "solve_maximum_sum_subsequence_p0149_s0(size=2000)": 4.439099575392902e-05
}