{
  "solve_delphi_flip_p0770_s0(X=1.9999)": 4.1125000279862434e-05,
  "solve_delphi_flip_p0770_s0(X=1.7)": 6.157300231279805e-05
}