{
  "solve_odd_period_square_roots_p0064_s0(max_limit=13)": 8.746800449443981e-05,
  "solve_odd_period_square_roots_p0064_s0(max_limit=10000)": 0.2285143839981174
}