{
  "solve_a_rectangular_tiling_p0405_s0(k=1)": 3.688399738166481e-05,
  "solve_a_rectangular_tiling_p0405_s0(k=10)": 3.847899643005803e-05,
  "solve_a_rectangular_tiling_p0405_s0(k=1.000000e+18)": 4.07879997510463e-05
}