{
  "solve_cutting_rope_p0398_s0(m=2, n=3)": 3.219599602743983e-05,
  "solve_cutting_rope_p0398_s0(m=100, n=10000000)": 3.199600178049877e-05,
  "solve_cutting_rope_p0398_s0(m=100, n=100000)": 2.952700015157461e-05
}