{
  "solve_coins_in_a_box_p0852_s0(n=1)": 5.244000203674659e-05,
  "solve_coins_in_a_box_p0852_s0(n=50)": 4.2514999222476035e-05
}