{
  "solve_digit_sum_numbers_p0725_s0(max_digits=3)": 3.604900120990351e-05,
  "solve_digit_sum_numbers_p0725_s0(max_digits=2020)": 2.771499566733837e-05
}