{
  "solve_eight_divisors_p0501_s0(max_limit=100)": 9.846399916568771e-05,
  "solve_eight_divisors_p0501_s0(max_limit=1.000000e+12)": 6.616199971176684e-05
}