{
  "solve_irrational_base_p0558_s0(max_limit=10)": 4.057399928569794e-05,
  "solve_irrational_base_p0558_s0(max_limit=5000000)": 5.3935000323690474e-05
}