{
  "solve_proportionate_nim_p0665_s0(max_limit=10)": 4.804500349564478e-05,
  "solve_proportionate_nim_p0665_s0(max_limit=10000000)": 4.426800296641886e-05
}