{
  "solve_fortunate_triangles_p0919_s0(max_limit=10)": 4.266700125299394e-05,
  "solve_fortunate_triangles_p0919_s0(max_limit=10000000)": 5.257299926597625e-05
}