{
  "solve_123_separable_p08221_s0(max_limit=20)": 5.847300053574145e-05,
  "solve_123_separable_p08221_s0(max_limit=1.000000e+16)": 4.068399721290916e-05
}