{
  "solve_snowflakes_p0570_s0(max_order=10)": 4.994700429961085e-05,
  "solve_snowflakes_p0570_s0(max_order=10000000)": 3.693700273288414e-05
}