{
  "solve_gnomon_numbering_p0412_s0(m=5, n=3)": 4.3918997107539326e-05,
  "solve_gnomon_numbering_p0412_s0(m=10000, n=5000)": 4.778299626195803e-05
}