{
  "solve_prime_sum_numbers_p0543_s0(max_limit=10)": 6.502500036731362e-05,
  "solve_prime_sum_numbers_p0543_s0(max_limit=1000)": 3.527999797370285e-05
}