{
  "solve_criss_cross_p0166_s0(max_digit=1)": 3.3015996450558305e-05,
  "solve_criss_cross_p0166_s0(max_digit=9)": 4.703499871538952e-05
}