{
  "solve_flipping_game_p0459_s0(board_size=5)": 5.358999624149874e-05,
  "solve_flipping_game_p0459_s0(board_size=1000000)": 5.099999543745071e-05
}