{
  "solve_stealthy_numbers_p0757_s0(max_limit=1000000)": 4.1929000872187316e-05,
  "solve_stealthy_numbers_p0757_s0(max_limit=1.000000e+14)": 3.666200063889846e-05
}