{
  "solve_mirror_power_sequence_p0617_s0(max_limit=100)": 3.5853001463692635e-05,
  "solve_mirror_power_sequence_p0617_s0(max_limit=1.000000e+18)": 5.0328002544119954e-05
}