{
  "solve_set_p0818_s0(n=3)": 6.795499939471483e-05,
  "solve_set_p0818_s0(n=12)": 4.5048000174574554e-05,
  "solve_set_p0818_s0(n=15)": 5.641199823003262e-05
}