{
  "solve_what_where_when_p0744_s0(n=6, p=0.5)": 3.419899439904839e-05,
  "solve_what_where_when_p0744_s0(n=1.000000e+11, p=0.4999)": 3.1313997169490904e-05,
  "solve_what_where_when_p0744_s0(n=10000, p=0.3)": 3.7416000850498676e-05
}