{
  "solve_sum_of_squares_ii_p0745_s0(max_limit=100)": 3.9908998587634414e-05,
  "solve_sum_of_squares_ii_p0745_s0(max_limit=1.000000e+14)": 5.929000326432288e-05
}