{
  "solve_not_coprime_p0838_s0(max_limit=40)": 3.986999945482239e-05,
  "solve_not_coprime_p0838_s0(max_limit=1000000)": 3.8422003854066133e-05
}