{
  "solve_2025_p0932_s0(max_digits=4)": 4.944499960402027e-05,
  "solve_2025_p0932_s0(max_digits=16)": 5.8136000006925315e-05
}