{
  "solve_triplet_tricks_p0876_s0(max_k=1)": 5.911599873797968e-05,
  "solve_triplet_tricks_p0876_s0(max_k=18)": 5.354900349630043e-05
}