{
  "solve_sum_of_digits_sequence_p0551_s0(n=10)": 8.151899965014309e-05,
  "solve_sum_of_digits_sequence_p0551_s0(n=1.000000e+15)": 5.552199581870809e-05
}