{
  "solve_a_collective_decision_p0906_s0(n=3)": 6.153499998617917e-05,
  "solve_a_collective_decision_p0906_s0(n=20000)": 6.061000021873042e-05
}