{
  "solve_siegbert_and_jo_p0692_s0(max_limit=13)": 3.4691001928877085e-05,
  "solve_siegbert_and_jo_p0692_s0(max_limit=23416728348467685)": 4.776500281877816e-05
}