{
  "solve_mezzo_forte_p0814_s0(n=1)": 4.783400072483346e-05,
  "solve_mezzo_forte_p0814_s0(n=1000)": 3.799000114668161e-05
}