{
  "solve_divisors_of_2n2_p0735_s0(max_limit=15)": 4.515699401963502e-05,
  "solve_divisors_of_2n2_p0735_s0(max_limit=1.000000e+12)": 4.788099613506347e-05
}