{
  "solve_chess_sliders_p0824_s0(K=2, N=2)": 4.6918998123146594e-05,
  "solve_chess_sliders_p0824_s0(K=1.000000e+15, N=1000000000)": 4.529099533101544e-05
}