{
  "solve_primonacci_p0304_s0(n=10)": 3.957100125262514e-05,
  "solve_primonacci_p0304_s0(n=100000)": 5.659299495164305e-05,
  "solve_primonacci_p0304_s0(n=1000)": 7.702599395997822e-05
}