{
  "solve_circular_logic_ii_p0703_s0(n=3)": 3.17960002576001e-05,
  "solve_circular_logic_ii_p0703_s0(n=20)": 4.7961999371182173e-05
}