{
  "solve_range_of_periodic_sequence_p0729_s0(max_period=3)": 4.17990013374947e-05,
  "solve_range_of_periodic_sequence_p0729_s0(max_period=25)": 5.413399776443839e-05
}