{
  "solve_minimal_network_p0107_s0(file_url=)": 0.0003373969957465306,
  "solve_minimal_network_p0107_s0(file_url=0107_network.txt)": 0.0018165009969379753
}