{
  "solve_riffle_shuffles_p0622_s0(max_limit=100, s_target=8)": 4.232200444675982e-05,
  "solve_riffle_shuffles_p0622_s0(s_target=60)": 4.454200097825378e-05
}