{
  "solve_integer_ladders_p0309_s0(max_limit=200)": 3.469600051175803e-05,
  "solve_integer_ladders_p0309_s0(max_limit=1000000)": 4.1407001845072955e-05
}