{
  "solve_cube_full_divisors_p0694_s0(max_limit=10000)": 3.7393998354673386e-05,
  "solve_cube_full_divisors_p0694_s0(max_limit=1.000000e+18)": 4.093400639249012e-05
}