{
  "solve_the_tournament_p0849_s0(n=2)": 0.00014902299881214276,
  "solve_the_tournament_p0849_s0(n=100)": 5.360600334824994e-05,
  "solve_the_tournament_p0849_s0(n=7)": 0.00011562800500541925
}