{
  "solve_matchsticks_p0893_s0(max_limit=100)": 5.475599755300209e-05,
  "solve_matchsticks_p0893_s0(max_limit=1000000)": 3.850200300803408e-05
}