{
  "solve_a_stoneham_number_p0731_s0(n=100)": 4.039199848193675e-05,
  "solve_a_stoneham_number_p0731_s0(n=1.000000e+16)": 2.207599754910916e-05
}