{
  "solve_long_products_p0452_s0(m=10, n=10)": 0.000764844000514131,
  "solve_long_products_p0452_s0(m=1000000000, n=1000000000)": 5.038699600845575e-05
}