{
  "solve_distribunim_i_p0899_s0(n=7)": 5.474599311128259e-05,
  "solve_distribunim_i_p0899_s0(n=232630513987207)": 5.002800025977194e-05
}