{
  "solve_combined_volume_of_cuboids_p0212_s0(num_cuboids=100)": 3.941499744541943e-05,
  "solve_combined_volume_of_cuboids_p0212_s0(num_cuboids=50000)": 3.5925993870478123e-05,
  "solve_combined_volume_of_cuboids_p0212_s0(num_cuboids=1000)": 3.0393995984923095e-05
}