{
  "solve_two_dimensional_recurrence_p0940_s0(k=3)": 3.886500053340569e-05,
  "solve_two_dimensional_recurrence_p0940_s0(k=50)": 3.864299651468173e-05
}