{
  "solve_langtons_ant_p0349_s0(max_limit=10)": 4.756500129587948e-05,
  "solve_langtons_ant_p0349_s0(max_limit=1.000000e+18)": 0.00010673699580365792
}