{
  "solve_reciprocal_games_i_p0567_s0(m=6)": 3.754100180231035e-05,
  "solve_reciprocal_games_i_p0567_s0(m=123456789)": 2.902100095525384e-05
}