{
  "solve_fibonacci_tree_game_p0400_s0(k=5)": 4.250399797456339e-05,
  "solve_fibonacci_tree_game_p0400_s0(k=10000)": 5.857199721504003e-05
}