{
  "solve_number_rotations_p0168_s0(max_limit=1000)": 3.0993003747425973e-05,
  "solve_number_rotations_p0168_s0(max_limit=1.000000e+100)": 3.0071001674514264e-05
}