{
  "solve_reversible_numbers_p0145_s0(max_limit=1000)": 3.858099807985127e-05,
  "solve_reversible_numbers_p0145_s0(max_limit=1000000000)": 4.492400330491364e-05
}