{
  "solve_fleeting_medians_p0593_s0(k=10, n=100)": 3.7450001400429755e-05,
  "solve_fleeting_medians_p0593_s0(k=100000, n=10000000)": 2.7233996661379933e-05,
  "solve_fleeting_medians_p0593_s0(k=10000, n=1000000)": 2.8227994334883988e-05
}