{
  "solve_coprime_nim_p0560_s0(k=2, n=5)": 4.125700070289895e-05,
  "solve_coprime_nim_p0560_s0(k=10000000, n=10000000)": 3.146200469927862e-05
}