{
  "solve_phigital_number_base_p0473_s0(max_limit=1000)": 3.7202997191343457e-05,
  "solve_phigital_number_base_p0473_s0(max_limit=1.000000e+10)": 4.3678999645635486e-05
}