{
  "solve_digital_signature_p0290_s0(max_limit=10)": 3.21080005960539e-05,
  "solve_digital_signature_p0290_s0(max_limit=1.000000e+18)": 3.143600042676553e-05
}