{
  "solve_polar_polygons_p0465_s0(max_limit=1)": 4.452300345292315e-05,
  "solve_polar_polygons_p0465_s0(max_limit=62748517)": 5.4684001952409744e-05
}