{
  "solve_point_genesis_p0957_s0(n=1)": 5.542999861063436e-05,
  "solve_point_genesis_p0957_s0(n=16)": 6.175699672894552e-05
}