{
  "solve_mahjong_p0696_s0(n=4, s=1, t=1)": 6.628700066357851e-05,
  "solve_mahjong_p0696_s0(n=100000000, s=100000000, t=30)": 5.8526995417196304e-05
}