{
  "solve_binomials_and_powers_p0830_s0(n=10)": 4.762299795402214e-05,
  "solve_binomials_and_powers_p0830_s0(n=1.000000e+18)": 5.0258000555913895e-05
}