{
  "solve_reciprocal_games_ii_p0568_s0(n=6)": 4.401899786898866e-05,
  "solve_reciprocal_games_ii_p0568_s0(n=123456789)": 5.527000030269846e-05
}