{
  "solve_feynman_diagrams_p0781_s0(n=4)": 4.217100649839267e-05,
  "solve_feynman_diagrams_p0781_s0(n=50000)": 4.069299757247791e-05
}