{
  "solve_unlucky_primes_p0934_s0(max_limit=10)": 3.138100146315992e-05,
  "solve_unlucky_primes_p0934_s0(max_limit=1.000000e+17)": 3.5987999581266195e-05
}