{
  "solve_remarkable_triangles_p0883_s0(max_inradius=2)": 3.9769998693373054e-05,
  "solve_remarkable_triangles_p0883_s0(max_inradius=1000000)": 7.632000051671639e-05
}