{
  "solve_reciprocal_cycles_p0026_s0(limit=10)": 0.00011139600246679038,
  "solve_reciprocal_cycles_p0026_s0(limit=1000)": 0.001125782000599429
}