{
  "solve_drifting_subsets_p0871_s0(max_limit=10)": 3.2459996873512864e-05,
  "solve_drifting_subsets_p0871_s0(max_limit=100005)": 3.9608996303286403e-05
}