{
  "solve_sum_of_digits_experience_23_p0294_s0(n=9)": 5.182300083106384e-05,
  "solve_sum_of_digits_experience_23_p0294_s0(n=3138428376721)": 6.268300057854503e-05,
  "solve_sum_of_digits_experience_23_p0294_s0(n=42)": 4.643700231099501e-05
}