{
  "solve_prime_guessing_p0869_s0(max_limit=30)": 3.8422003854066133e-05,
  "solve_prime_guessing_p0869_s0(max_limit=100000000)": 4.290699871489778e-05
}