{
  "solve__1000_digit_fibonacci_number_p0025_s0(n=3)": 1.847699604695663e-05,
  "solve__1000_digit_fibonacci_number_p0025_s0(n=1000)": 0.016304628006764688
}