{
  "solve_special_subset_sums_optimum_p0103_s0(n=1)": 9.482500172453001e-05,
  "solve_special_subset_sums_optimum_p0103_s0(n=2)": 0.00010457600001245737,
  "solve_special_subset_sums_optimum_p0103_s0(n=3)": 0.00014666799688711762,
  "solve_special_subset_sums_optimum_p0103_s0(n=4)": 0.0002507440003682859,
  "solve_special_subset_sums_optimum_p0103_s0(n=5)": 0.0009465770053793676,
  "solve_special_subset_sums_optimum_p0103_s0(n=6)": 0.0024918859999161214,
  "solve_special_subset_sums_optimum_p0103_s0(n=7)": 0.0057204830009141006,
  "solve_special_subset_sums_optimum_p0103_s0(n=8)": 0.07621384999947622,
  "solve_special_subset_sums_optimum_p0103_s0(n=9)": 0.47143834300368326,
  "solve_special_subset_sums_optimum_p0103_s0(n=10)": 1.770199020000291
}