{
  "solve_number_letter_counts_p0017_s0(max_number=5)": 0.00016209299792535603,
  "solve_number_letter_counts_p0017_s0(max_number=1000)": 0.005907047998334747
}