{
  "solve_friend_numbers_p0612_s0(max_limit=100)": 4.8499998229090124e-05,
  "solve_friend_numbers_p0612_s0(max_limit=1.000000e+18)": 4.071399598615244e-05
}