{
  "solve_modified_fibonacci_golden_nuggets_p0140_s0(n=5)": 3.6530000215861946e-05,
  "solve_modified_fibonacci_golden_nuggets_p0140_s0(n=30)": 3.513899719109759e-05,
  "solve_modified_fibonacci_golden_nuggets_p0140_s0(n=50)": 4.596500366460532e-05
}