{
  "solve_dynamical_polynomials_p0812_s0(n=2)": 5.9177000366616994e-05,
  "solve_dynamical_polynomials_p0812_s0(n=10000)": 3.432000085012987e-05
}