{
  "solve_digit_fifth_powers_p0030_s0(n=4)": 0.005319846000929829,
  "solve_digit_fifth_powers_p0030_s0(n=5)": 0.012429962996975519
}