{
  "solve_fermat_like_equations_p0678_s0(max_limit=1000)": 4.229800106259063e-05,
  "solve_fermat_like_equations_p0678_s0(max_limit=1.000000e+18)": 4.413600254338235e-05
}