{
  "solve_torpids_p0597_s0(L=1800, n=13)": 8.887299918569624e-05,
  "solve_torpids_p0597_s0(L=160, n=3)": 2.968400076497346e-05,
  "solve_torpids_p0597_s0(L=400, n=4)": 3.6375000490807e-05
}