{
  "solve_distinct_primes_factors_p0047_s0(n=2)": 0.00015472499944735318,
  "solve_distinct_primes_factors_p0047_s0(n=3)": 0.0015785289942868985,
  "solve_distinct_primes_factors_p0047_s0(n=4)": 0.22134993700456107
}