{
  "solve_average_and_variance_p0791_s0(max_limit=5)": 3.8332000258378685e-05,
  "solve_average_and_variance_p0791_s0(max_limit=100000000)": 3.82209982490167e-05
}