{
  "solve_two_heads_are_better_than_one_p0624_s0(n=2)": 4.93240004288964e-05,
  "solve_two_heads_are_better_than_one_p0624_s0(n=3)": 4.863799404120073e-05,
  "solve_two_heads_are_better_than_one_p0624_s0(n=1.000000e+18)": 6.21150029473938e-05
}