{
  "solve_nth_digit_of_reciprocals_p0820_s0(n=7)": 3.75279996660538e-05,
  "solve_nth_digit_of_reciprocals_p0820_s0(n=10000000)": 4.075500328326598e-05
}