{
  "solve_counting_products_p0627_s0(m=9, n=2)": 4.679199628299102e-05,
  "solve_counting_products_p0627_s0(m=30, n=10001)": 6.732100155204535e-05
}