{
  "solve_cross_hatched_triangles_p0163_s0(n=1)": 4.078700294485316e-05,
  "solve_cross_hatched_triangles_p0163_s0(n=36)": 3.6450001061894e-05,
  "solve_cross_hatched_triangles_p0163_s0(n=50)": 6.260599911911413e-05
}