{
  "solve_modular_cubes_part_2_p0272_s0(max_limit=1000)": 4.335199628258124e-05,
  "solve_modular_cubes_part_2_p0272_s0(max_limit=1.000000e+11)": 4.466499376576394e-05,
  "solve_modular_cubes_part_2_p0272_s0(max_limit=1.000000e+12)": 4.034500307170674e-05
}