{
  "solve_gathering_the_beans_p0335_s0(max_k=4)": 3.1074996513780206e-05,
  "solve_gathering_the_beans_p0335_s0(max_k=1.000000e+18)": 3.8086996937636286e-05,
  "solve_gathering_the_beans_p0335_s0(max_k=10000)": 3.591900167521089e-05
}