{
  "solve_one_more_one_p0672_s0(k=10)": 9.169000259134918e-05,
  "solve_one_more_one_p0672_s0(k=1000000000)": 4.927199915982783e-05
}