{
  "solve_chocolate_covered_candy_p0449_s0(a=1, b=1)": 5.3810996178071946e-05,
  "solve_chocolate_covered_candy_p0449_s0(a=3, b=1)": 4.075800097780302e-05,
  "solve_chocolate_covered_candy_p0449_s0(a=10, b=5)": 6.446499901358038e-05
}