{
  "solve_self_powers_p0048_s0(limit=10)": 3.41949998983182e-05,
  "solve_self_powers_p0048_s0(limit=1000)": 0.001586207996297162
}