{
  "solve_prime_pair_sets_p0060_s0(set_length=3)": 0.0011894729977939278,
  "solve_prime_pair_sets_p0060_s0(set_length=4)": 0.0029911820020060986,
  "solve_prime_pair_sets_p0060_s0(set_length=5)": 0.29564861499966355
}