{
  "solve_prize_strings_p0191_s0(days=4)": 4.2407998989801854e-05,
  "solve_prize_strings_p0191_s0(days=30)": 3.4437005524523556e-05,
  "solve_prize_strings_p0191_s0(days=100)": 4.183700366411358e-05
}