{
  "solve_geometric_triangles_p0370_s0(max_limit=1000)": 4.89470039610751e-05,
  "solve_geometric_triangles_p0370_s0(max_limit=2.500000e+13)": 4.883699875790626e-05,
  "solve_geometric_triangles_p0370_s0(max_limit=100000000)": 0.00015546199574600905
}