{
  "solve_circular_logic_p0209_s0(k=2)": 6.0302998463157564e-05,
  "solve_circular_logic_p0209_s0(k=6)": 6.59809957141988e-05,
  "solve_circular_logic_p0209_s0(k=7)": 3.8892001612111926e-05
}