{
  "solve_gold_and_silver_coin_game_p0860_s0(n=2)": 4.501899820752442e-05,
  "solve_gold_and_silver_coin_game_p0860_s0(n=9898)": 5.3174000640865415e-05
}