{
  "solve_belfry_maths_p0868_s0(target=CBA)": 6.0746002418454736e-05,
  "solve_belfry_maths_p0868_s0(target=NOWPICKBELFRYMATHS)": 4.390300455270335e-05
}