{
  "solve_nim_extreme_p0409_s0(n=3)": 4.330599767854437e-05,
  "solve_nim_extreme_p0409_s0(n=10000000)": 3.8078003854025155e-05
}