{
  "solve_removing_cubes_p0884_s0(max_limit=100)": 4.283700400264934e-05,
  "solve_removing_cubes_p0884_s0(max_limit=1.000000e+17)": 4.748399805976078e-05
}