{
  "solve_an_ant_on_the_move_p0460_s0(d=4)": 4.292700032237917e-05,
  "solve_an_ant_on_the_move_p0460_s0(d=10000)": 4.425200313562527e-05
}