{
  "solve_prime_power_triples_p0087_s0(max_num=50)": 0.00034406200575176626,
  "solve_prime_power_triples_p0087_s0(max_num=50000000)": 0.40268657600245206
}