{
  "solve_peerless_trees_p0936_s0(max_limit=10)": 5.128599877934903e-05,
  "solve_peerless_trees_p0936_s0(max_limit=50)": 4.451700078789145e-05
}