{
  "solve_triffle_numbers_p0699_s0(max_limit=100)": 5.143899761606008e-05,
  "solve_triffle_numbers_p0699_s0(max_limit=1.000000e+14)": 5.9088997659273446e-05
}