{
  "solve_unpredictable_permutations_p0720_s0(n=4)": 4.582000110531226e-05,
  "solve_unpredictable_permutations_p0720_s0(n=33554432)": 6.152300193207338e-05
}