{
  "solve_pisano_periods_1_p0853_s0(max_limit=50)": 4.4988002628088e-05,
  "solve_pisano_periods_1_p0853_s0(max_limit=1000000000)": 4.2343999666627496e-05
}