{
  "solve_cutting_triangles_p0557_s0(max_limit=20)": 5.510899791261181e-05,
  "solve_cutting_triangles_p0557_s0(max_limit=10000)": 4.525600525084883e-05
}