{
  "solve_10_substrings_p0529_s0(n=2)": 3.361800190759823e-05,
  "solve_10_substrings_p0529_s0(n=18)": 5.1693998102564365e-05,
  "solve_10_substrings_p0529_s0(n=20)": 3.862500307150185e-05
}