{
  "solve_totient_sum_p0432_s0(m=1.000000e+11, n=510510)": 5.0884002121165395e-05,
  "solve_totient_sum_p0432_s0(m=1000000, n=510510)": 5.938400136074051e-05
}