{
  "solve_minimal_path_using_additive_cost_p0917_s0(n=2)": 4.2033003410324454e-05,
  "solve_minimal_path_using_additive_cost_p0917_s0(n=10000000)": 4.150899621890858e-05
}