{
  "solve_grid_graphs_p0716_s0(H=3, W=3)": 3.557599848136306e-05,
  "solve_grid_graphs_p0716_s0(H=10000, W=20000)": 3.340500552440062e-05,
  "solve_grid_graphs_p0716_s0(H=50, W=100)": 3.426900366321206e-05
}