{
  "solve_a_recursively_defined_sequence_p0197_s0(n=10)": 4.288899799576029e-05,
  "solve_a_recursively_defined_sequence_p0197_s0(n=1.000000e+12)": 3.0983006581664085e-05,
  "solve_a_recursively_defined_sequence_p0197_s0(n=1000000)": 2.9499999072868377e-05
}