{
  "solve_range_flips_p0430_s0(m=2, n=3)": 4.312599776312709e-05,
  "solve_range_flips_p0430_s0(m=4000, n=1.000000e+10)": 3.944300260627642e-05
}