{
  "solve_largest_prime_factor_p0003_s0(number=13195)": 6.414000381482765e-05,
  "solve_largest_prime_factor_p0003_s0(number=10)": 4.400200123200193e-05,
  "solve_largest_prime_factor_p0003_s0(number=20)": 5.6196004152297974e-05,
  "solve_largest_prime_factor_p0003_s0(number=600851475143)": 0.00011502200504764915,
  "solve_largest_prime_factor_p0003_s0(number=79376318561249)": 0.6947917090001283
}