{
  "solve_counting_capacitor_circuits_p0155_s0(n=3)": 6.301699613686651e-05,
  "solve_counting_capacitor_circuits_p0155_s0(n=18)": 3.066199860768393e-05,
  "solve_counting_capacitor_circuits_p0155_s0(n=20)": 4.159699892625213e-05
}