{
  "solve_clock_sequence_p0506_s0(n=11)": 4.611899930750951e-05,
  "solve_clock_sequence_p0506_s0(n=1.000000e+14)": 3.4511998819652945e-05,
  "solve_clock_sequence_p0506_s0(n=1000)": 3.7464000342879444e-05
}