{
  "solve_gcd_and_tiling_p0440_s0(max_limit=2)": 3.5496006603352726e-05,
  "solve_gcd_and_tiling_p0440_s0(max_limit=2000)": 3.69019981008023e-05
}