{
  "solve_optimal_card_stacking_p0750_s0(max_limit=6)": 3.7728001188952476e-05,
  "solve_optimal_card_stacking_p0750_s0(max_limit=976)": 3.4058997698593885e-05
}