{
  "solve_path_sum_two_ways_p0081_s0(file_url=)": 0.0002811999947880395,
  "solve_path_sum_two_ways_p0081_s0(file_url=0081_matrix.txt)": 0.0010027489988715388
}