{
  "solve_factor_shuffle_p0823_s0(m=3, n=5)": 4.1459003114141524e-05,
  "solve_factor_shuffle_p0823_s0(m=1.000000e+16, n=10000)": 5.6231001508422196e-05
}