{
  "solve_divisor_game_p0550_s0(k=5, n=10)": 4.126699786866084e-05,
  "solve_divisor_game_p0550_s0(k=1.000000e+12, n=10000000)": 4.504399839788675e-05
}