{
  "solve_square_subsets_p0619_s0(a=5, b=10)": 3.458699939073995e-05,
  "solve_square_subsets_p0619_s0(a=1000000, b=1234567)": 5.9187994338572025e-05
}