{
  "solve_stone_game_ii_p0325_s0(max_limit=10)": 0.000153207998664584,
  "solve_stone_game_ii_p0325_s0(max_limit=1.000000e+16)": 3.2961004762910306e-05,
  "solve_stone_game_ii_p0325_s0(max_limit=10000)": 4.31220032623969e-05
}