{
  "solve_beautiful_graphs_p0857_s0(n=3)": 4.007099778391421e-05,
  "solve_beautiful_graphs_p0857_s0(n=10000000)": 5.0197995733469725e-05
}