{
  "solve_split_divisibilities_p0598_s0(n=4)": 5.038800009060651e-05,
  "solve_split_divisibilities_p0598_s0(n=100)": 6.994700379436836e-05
}