{
  "solve_xor_equation_a_p0877_s0(max_limit=10)": 0.00012330100435065106,
  "solve_xor_equation_a_p0877_s0(max_limit=1.000000e+18)": 4.266700125299394e-05
}