{
  "solve_look_and_say_sequence_p0419_s0(n=40)": 3.7183999666012824e-05,
  "solve_look_and_say_sequence_p0419_s0(n=1.000000e+12)": 2.7058005798608065e-05
}