{
  "solve_square_1_squarefree_p0864_s0(n=10)": 4.061400250066072e-05,
  "solve_square_1_squarefree_p0864_s0(n=123567101113)": 4.5360000513028353e-05
}