{
  "solve_chasing_game_p0825_s0(max_limit=10)": 4.232300125295296e-05,
  "solve_chasing_game_p0825_s0(max_limit=1.000000e+14)": 3.791999915847555e-05
}