{
  "solve_jumping_frog_p0490_s0(max_limit=10)": 4.3970998376607895e-05,
  "solve_jumping_frog_p0490_s0(max_limit=1.000000e+14)": 5.668300582328811e-05
}