{
  "solve_divisor_pairs_p0561_s0(m=2, n=1)": 5.196499841986224e-05,
  "solve_divisor_pairs_p0561_s0(m=904961, n=1.000000e+12)": 7.129399455152452e-05
}