{
  "solve_divisibility_streaks_p0601_s0(max_s=6)": 5.589399370364845e-05,
  "solve_divisibility_streaks_p0601_s0(max_s=31)": 5.657699512084946e-05
}