{
  "solve_mixtures_p0478_s0(n=2)": 4.5114997192285955e-05,
  "solve_mixtures_p0478_s0(n=10000000)": 6.155300070531666e-05
}