{
  "solve_bozo_sort_p0367_s0(n=4)": 3.748499875655398e-05,
  "solve_bozo_sort_p0367_s0(n=11)": 5.3675001254305243e-05,
  "solve_bozo_sort_p0367_s0(n=12)": 4.999100201530382e-05
}