{
  "solve_box_ball_system_p0426_s0(max_limit=11)": 5.716599844163284e-05,
  "solve_box_ball_system_p0426_s0(max_limit=10000001)": 5.715699808206409e-05
}