{
  "solve_eulers_totient_function_equals_13_p0248_s0(n=1)": 0.00012123600026825443,
  "solve_eulers_totient_function_equals_13_p0248_s0(n=150000)": 4.108600114705041e-05,
  "solve_eulers_totient_function_equals_13_p0248_s0(n=10000)": 5.811300070490688e-05
}