{
  "solve_larger_digit_permutation_ii_p0924_s0(N=10)": 4.399399767862633e-05,
  "solve_larger_digit_permutation_ii_p0924_s0(N=1.000000e+16)": 4.7504006943199784e-05
}