{
  "solve_roots_on_the_rise_p0479_s0(n=4)": 3.6920995626132935e-05,
  "solve_roots_on_the_rise_p0479_s0(n=1000000)": 3.21019979310222e-05
}