{
  "solve_heptaphobia_p0954_s0(max_limit=100)": 5.333800072548911e-05,
  "solve_heptaphobia_p0954_s0(max_limit=1.000000e+13)": 4.024199733976275e-05
}