{
  "solve_longest_collatz_sequence_p0014_s0(max_number=1000000)": 0.9713048870034982,
  "solve_longest_collatz_sequence_p0014_s0(max_number=10000000)": 3.966501025999605
}