{
  "solve_prime_digit_sum_p0845_s0(n=10)": 3.490199742373079e-05,
  "solve_prime_digit_sum_p0845_s0(n=1.000000e+16)": 4.395200085127726e-05
}