{
  "solve_special_subset_sums_meta_testing_p0106_s0(n=4)": 9.178099571727216e-05,
  "solve_special_subset_sums_meta_testing_p0106_s0(n=7)": 0.00019681700359797105,
  "solve_special_subset_sums_meta_testing_p0106_s0(n=12)": 5.822000093758106e-05,
  "solve_special_subset_sums_meta_testing_p0106_s0(n=16)": 0.00020467300055315718,
  "solve_special_subset_sums_meta_testing_p0106_s0(n=32)": 8.361499931197613e-05,
  "solve_special_subset_sums_meta_testing_p0106_s1(n=4)": 0.00025010399986058474,
  "solve_special_subset_sums_meta_testing_p0106_s1(n=7)": 0.0015345209976658225,
  "solve_special_subset_sums_meta_testing_p0106_s1(n=12)": 0.17494959599571303,
  "solve_special_subset_sums_meta_testing_p0106_s1(n=16)": 0.00010930399730568752,
  "solve_special_subset_sums_meta_testing_p0106_s1(n=32)": 0.00016329099889844656
}