{
  "solve_permutations_of_project_p0458_s0(n=7)": 3.772499621845782e-05,
  "solve_permutations_of_project_p0458_s0(n=1.000000e+12)": 3.976299922214821e-05
}