{
  "solve_the_chase_ii_p0683_s0(n=5)": 4.3392996303737164e-05,
  "solve_the_chase_ii_p0683_s0(n=500)": 5.184399924473837e-05,
  "solve_the_chase_ii_p0683_s0(n=1000)": 5.352299922378734e-05
}