{
  "solve_quintinomial_coefficients_p0588_s0(max_power=3)": 3.0417999369092286e-05,
  "solve_quintinomial_coefficients_p0588_s0(max_power=18)": 0.0021405169973149896
}