{
  "solve_square_on_the_inside_p0504_s0(max_limit=4)": 3.0927003535907716e-05,
  "solve_square_on_the_inside_p0504_s0(max_limit=100)": 5.9916004829574376e-05
}