{
  "solve_permuted_multiples_p0052_s0(multiples=2)": 0.48871602599683683,
  "solve_permuted_multiples_p0052_s0(multiples=3)": 0.48448042199743213,
  "solve_permuted_multiples_p0052_s0(multiples=4)": 0.6695874930010177,
  "solve_permuted_multiples_p0052_s0(multiples=5)": 0.8476384609966772,
  "solve_permuted_multiples_p0052_s0(multiples=6)": 0.5506308199983323
}