{
  "solve_clock_sequence_ii_p0908_s0(max_limit=10)": 3.569699765648693e-05,
  "solve_clock_sequence_ii_p0908_s0(max_limit=10000)": 3.8150996260810643e-05
}