{
  "solve_smallest_multiple_p0005_s0(n=10)": 8.822599920677021e-05,
  "solve_smallest_multiple_p0005_s0(n=20)": 3.4884003980550915e-05,
  "solve_smallest_multiple_p0005_s0(n=50)": 6.0969003243371844e-05,
  "solve_smallest_multiple_p0005_s0(n=100)": 7.950600411277264e-05
}