{
  "solve_champernownes_constant_p0040_s0(i=1)": 5.739900370826945e-05,
  "solve_champernownes_constant_p0040_s0(i=2)": 0.00010049700358649716,
  "solve_champernownes_constant_p0040_s0(i=3)": 0.00013801099703414366,
  "solve_champernownes_constant_p0040_s0(i=4)": 7.730300421826541e-05,
  "solve_champernownes_constant_p0040_s0(i=5)": 0.00010756899428088218,
  "solve_champernownes_constant_p0040_s0(i=6)": 7.963800453580916e-05,
  "solve_champernownes_constant_p0040_s0(i=7)": 4.137000360060483e-05,
  "solve_champernownes_constant_p0040_s0(i=8)": 8.355700265383348e-05,
  "solve_champernownes_constant_p0040_s0(i=9)": 8.60190048115328e-05,
  "solve_champernownes_constant_p0040_s0(i=10)": 0.00010863199713639915,
  "solve_champernownes_constant_p0040_s0(i=11)": 0.00011540899868123233
}