{
  "solve_retractions_b_p0446_s0(N=10000000)": 3.284500417066738e-05,
  "solve_retractions_b_p0446_s0(N=1024)": 3.363800351507962e-05
}