{
  "solve_sums_of_powers_of_two_p0169_s0(n=10)": 3.897400165442377e-05,
  "solve_sums_of_powers_of_two_p0169_s0(n=1.000000e+25)": 4.753599932882935e-05
}