{
  "solve_triangles_inside_circles_p0914_s0(R=100)": 5.554100061999634e-05,
  "solve_triangles_inside_circles_p0914_s0(R=1.000000e+18)": 3.5766002838499844e-05
}