{
  "solve_st_petersburg_lottery_p0499_s0(m=2, s=5)": 4.606899892678484e-05,
  "solve_st_petersburg_lottery_p0499_s0(m=15, s=1000000000)": 4.188199818599969e-05
}