{
  "solve_mex_sequence_p0832_s0(n=10)": 4.3569998524617404e-05,
  "solve_mex_sequence_p0832_s0(n=1.000000e+18)": 4.803600313607603e-05,
  "solve_mex_sequence_p0832_s0(n=1.000000e+19)": 3.7808997149113566e-05
}