{
  "solve_flexible_digit_sum_p0637_s0(max_limit=100)": 6.621499778702855e-05,
  "solve_flexible_digit_sum_p0637_s0(max_limit=10000000)": 4.2017003579530865e-05
}