{
  "solve_not_zeckendorf_p0755_s0(max_limit=100)": 5.264599894871935e-05,
  "solve_not_zeckendorf_p0755_s0(max_limit=1.000000e+13)": 4.8654997954145074e-05
}