{
  "solve_tricoloured_coin_fountains_p0519_s0(n=4)": 2.825599949574098e-05,
  "solve_tricoloured_coin_fountains_p0519_s0(n=20000)": 8.591200457885861e-05
}