{
  "solve_minkowski_sums_p0228_s0(end=4, start=3)": 3.324999852338806e-05,
  "solve_minkowski_sums_p0228_s0(end=1909, start=1864)": 3.464300243649632e-05
}