{
  "solve_3_like_numbers_p0706_s0(d=2)": 4.2120002035517246e-05,
  "solve_3_like_numbers_p0706_s0(d=100000)": 3.372599894646555e-05,
  "solve_3_like_numbers_p0706_s0(d=1000000)": 6.773500354029238e-05
}