{
  "solve_gcd_sequence_p0443_s0(n=10)": 4.614999488694593e-05,
  "solve_gcd_sequence_p0443_s0(n=1.000000e+15)": 4.568800068227574e-05
}