{
  "solve_fractions_of_powers_p0850_s0(N=10)": 5.111200152896345e-05,
  "solve_fractions_of_powers_p0850_s0(N=33557799775533)": 2.9301998438313603e-05
}