{
  "solve_beans_in_bowls_p0839_s0(max_limit=6)": 4.077600169694051e-05,
  "solve_beans_in_bowls_p0839_s0(max_limit=10000000)": 5.4672003898303956e-05
}