{
  "solve_exhausting_a_colour_p0938_s0(B=12345, R=24690)": 3.4266995498910546e-05,
  "solve_exhausting_a_colour_p0938_s0(B=2, R=2)": 3.686299896799028e-05,
  "solve_exhausting_a_colour_p0938_s0(B=25, R=34)": 3.293999907327816e-05
}