{
  "solve_super_duper_sum_p0956_s0(m=6, n=6)": 3.999099862994626e-05,
  "solve_super_duper_sum_p0956_s0(m=1000, n=1000)": 5.2211995352990925e-05
}