{
  "solve_modulo_power_identity_p0536_s0(max_limit=100)": 5.594400136033073e-05,
  "solve_modulo_power_identity_p0536_s0(max_limit=1.000000e+12)": 5.933899956289679e-05
}