{
  "solve_modular_cubes_part_1_p0271_s0(n=91)": 4.6838002162985504e-05,
  "solve_modular_cubes_part_1_p0271_s0(n=1.308276e+16)": 4.1097002394963056e-05,
  "solve_modular_cubes_part_1_p0271_s0(n=1000000007)": 3.973400453105569e-05
}