{
  "solve_balanced_numbers_p0217_s0(mod=1000, n=1)": 3.705800190800801e-05,
  "solve_balanced_numbers_p0217_s0(mod=14348907, n=47)": 6.581900379387662e-05,
  "solve_balanced_numbers_p0217_s0(mod=1000000007, n=5)": 4.556600470095873e-05
}