{
  "solve_dominating_numbers_p0788_s0(n=4)": 4.201199772069231e-05,
  "solve_dominating_numbers_p0788_s0(n=2022)": 4.441499913809821e-05,
  "solve_dominating_numbers_p0788_s0(n=5000)": 4.3660998926497996e-05
}