{
  "solve_integers_in_base_i_1_p0508_s0(max_limit=10)": 4.771599924424663e-05,
  "solve_integers_in_base_i_1_p0508_s0(max_limit=1.000000e+15)": 8.537099347449839e-05
}