{
  "solve_necklace_of_circles_p0428_s0(max_b=10)": 4.0386003092862666e-05,
  "solve_necklace_of_circles_p0428_s0(max_b=1000000000)": 3.873999958159402e-05
}