{
  "solve_circle_packing_ii_p0476_s0(max_limit=5)": 7.429499964928254e-05,
  "solve_circle_packing_ii_p0476_s0(max_limit=1803)": 5.6090000725816935e-05
}