{
  "solve_chromatic_conundrum_p0544_s0(c=2, n=3, r=2)": 4.6560999180655926e-05,
  "solve_chromatic_conundrum_p0544_s0(c=10, n=1112131415, r=9)": 6.082600157242268e-05
}