{
  "solve_drone_delivery_p0724_s0(n=2)": 4.6876004489604384e-05,
  "solve_drone_delivery_p0724_s0(n=100000000)": 5.1820999942719936e-05
}