{
  "solve_ambiguous_numbers_p0198_s0(max_limit=1000)": 5.102000432088971e-05,
  "solve_ambiguous_numbers_p0198_s0(max_limit=100000000)": 3.7001002056058496e-05
}