{
  "solve_2011_nines_p0318_s0(max_sum=10)": 4.526900011114776e-05,
  "solve_2011_nines_p0318_s0(max_sum=2011)": 4.562899994198233e-05,
  "solve_2011_nines_p0318_s0(max_sum=10000)": 4.499699571169913e-05
}