{
  "solve_largest_product_in_a_series_p0008_s0(length=4)": 0.0017950980036403053,
  "solve_largest_product_in_a_series_p0008_s0(length=13)": 0.001846209001087118
}