{
  "solve_chinese_leftovers_ii_p0552_s0(max_limit=50)": 5.159400461707264e-05,
  "solve_chinese_leftovers_ii_p0552_s0(max_limit=300000)": 7.475899474229664e-05
}