{
  "solve_step_numbers_p0178_s0(max_limit=1000)": 3.143300273222849e-05,
  "solve_step_numbers_p0178_s0(max_limit=1.000000e+40)": 3.2654999813530594e-05
}