{
  "solve_amoebas_in_a_3d_grid_p0763_s0(n=2)": 6.198399933055043e-05,
  "solve_amoebas_in_a_3d_grid_p0763_s0(n=10000)": 6.704100087517872e-05
}