{
  "solve_binary_circles_p0265_s0(n=3)": 4.061600338900462e-05,
  "solve_binary_circles_p0265_s0(n=5)": 7.38059970899485e-05,
  "solve_binary_circles_p0265_s0(n=4)": 4.040599742438644e-05
}