{
  "solve_250250_p0250_s0(digits=16, max_limit=10)": 3.576599556254223e-05,
  "solve_250250_p0250_s0(digits=16, max_limit=250250)": 3.477300197118893e-05,
  "solve_250250_p0250_s0(digits=16, max_limit=10000)": 3.8070000300649554e-05
}