{
  "solve_xor_equation_c_p0945_s0(max_limit=10)": 3.70740017388016e-05,
  "solve_xor_equation_c_p0945_s0(max_limit=10000000)": 5.648600199492648e-05
}