{
  "solve_path_sum_four_ways_p0083_s0(file_url=)": 0.0019084209998254664,
  "solve_path_sum_four_ways_p0083_s0(file_url=0083_matrix.txt)": 0.041929062994313426
}