{
  "solve_harshad_numbers_p0387_s0(max_limit=10000)": 4.377800360089168e-05,
  "solve_harshad_numbers_p0387_s0(max_limit=1.000000e+14)": 5.9835998399648815e-05,
  "solve_harshad_numbers_p0387_s0(max_limit=1.000000e+12)": 3.7033001717645675e-05
}