{
  "solve_weak_queens_p0534_s0(n=4)": 3.6364996049087495e-05,
  "solve_weak_queens_p0534_s0(n=14)": 5.3743999160360545e-05
}