{
  "solve_finding_triangles_p0955_s0(k=10)": 4.377200093585998e-05,
  "solve_finding_triangles_p0955_s0(k=70)": 0.0001432169956387952
}