{
  "solve_heron_envelopes_p0583_s0(max_limit=10000)": 3.3753000025171787e-05,
  "solve_heron_envelopes_p0583_s0(max_limit=10000000)": 3.035800182260573e-05
}